artist,title,decade,date,lyric
Bon Jovi,Livin’ on a Prayer,80s,1986,"84 contributorstranslationsportuguêslivin’ on a prayer lyricsintro once upon a time, not so long ago  verse 1 tommy used to work on the docks union's been on strike, he's down on his luck it's tough so tough gina works the diner all day workin' for her man, she brings home her pay for love mm, for love  pre-chorus she says, ""we've gotta hold on to what we've got it doesn't make a difference if we make it or not we've got each other and that's a lot for love we'll give it a shot""  chorus woah, we're halfway there woah-oh, livin' on a prayer take my hand, we'll make it, i swear woah-oh, livin' on a prayer  verse 2 tommy's got his six-string in hock now he's holdin' in, when he used to make it talk so tough ooh, it's tough gina dreams of runnin' away when she cries in the night, tommy whispers ""baby, it's okay someday"" you might also likepre-chorus we've gotta hold on to what we've got it doesn't make a difference if we make it or not we've got each other and that's a lot for love we'll give it a shot  chorus woah, we're halfway there woah-oh, livin' on a prayer take my hand, we'll make it i swear woah-oh, livin' on a prayer, livin' on a prayer  guitar solo  bridge ooh, we gotta hold on, ready or not you live for the fight when that's all that you've got  chorus woah, we're halfway there woah-oh, livin' on a prayer take my hand and we'll make it, i swear woah-oh, livin' on a prayer woah, we're halfway there woah-oh, livin' on a prayer take my hand and we'll make it, i swear woah-oh, livin' on a prayer woah, we're halfway there woah-oh, livin' on a prayer take my hand and we'll make it, i swear woah-oh, livin' on a prayer49embed"
Bon Jovi,It’s My Life,00s,2000,"54 contributorstranslationsportuguêsελληνικάit’s my life lyricsverse 1 this ain't a song for the broken-hearted (woah oh, woah oh, oh) no silent prayer for the faith-departed i ain't gonna be just a face in the crowd you're gonna hear my voice when i shout it out loud  chorus it's my life, it's now or never i ain't gonna live forever i just want to live while i'm alive (it's my life) my heart is like an open highway like frankie said, ""i did it my way"" i just wanna live while i'm alive it's my life  verse 2 this is for the ones who stood their ground for tommy and gina who never backed down tomorrow's getting harder make no mistake luck ain't even lucky, got to make your own breaks  chorus it's my life, it's now or never i ain't gonna live forever i just want to live while i'm alive (it's my life) my heart is like an open highway like frankie said, ""i did it my way"" i just wanna live while i'm alive 'cause it's my life you might also likebridge better stand tall when they're calling you out don't bend, don't break, baby, don't back down  chorus it's my life, it's now or never i ain't gonna live forever i just want to live while i'm alive (it's my life) my heart is like an open highway like frankie said, ""i did it my way"" i just wanna live while i'm alive it's my life and it's now or never i ain't gonna live forever i just want to live while i'm alive (it's my life) my heart is like an open highway like frankie said, ""i did it my way"" i just wanna live while i'm alive it's my life41embed"
Bon Jovi,You Give Love a Bad Name,80s,1986,"60 contributorstranslationsportuguêsyou give love a bad name lyricsintro shot through the heart and you're to blame darling, you give love a bad name  verse 1 an angel's smile is what you sell you promised me heaven, then put me through hell chains of love got a hold on me when passion's a prison, you can't break free  pre-chorus woah, you're a loaded gun, yeah oh, there's nowhere to run no one can save me, the damage is done  chorus shot through the heart and you're to blame you give love a bad name (bad name) i play my part and you play your game you give love a bad name (bad name) yeah, you give love a bad name  verse 2 paint your smile on your lips blood red nails on your fingertips a school boy's dream, you act so shy your very first kiss was your first kiss goodbye you might also likepre-chorus woah, you're a loaded gun oh, there's nowhere to run no one can save me, the damage is done  chorus shot through the heart and you're to blame you give love a bad name (bad name) i play my part and you play your game you give love a bad name (bad name) you give love a—  guitar solo  chorus oh, shot through the heart and you're to blame you give love a bad name i play my part and you play your game you give love a bad name (bad name) shot through the heart and you're to blame you give love a bad name (bad name) i play my part and you play your game you give love a bad name (bad name)  outro you give love you give love, bad name you give love you give love, bad name you give love you give love, bad name you give love you give love, bad name34embed"
Bon Jovi,Wanted Dead or Alive,80s,1986,"36 contributorstranslationsportuguêswanted dead or alive lyricsverse 1 it's all the same, only the names will change every day it seems we're wastin' away another place where the faces are so cold i'd drive all night just to get back home  chorus i'm a cowboy on a steel horse i ride i'm wanted dead or alive wanted dead or alive  verse 2 sometimes i sleep, sometimes it's not for days the people i meet always go their separate ways sometimes you tell the day by the bottle that you drink and times when you're alone, well, all you do is think  chorus i'm a cowboy on a steel horse i ride i'm wanted (wanted) dead or alive wanted (wanted) dead or alive  post-chorus oh, and i ride you might also likeguitar solo  chorus ooh, i'm a cowboy on a steel horse i ride i'm wanted (wanted) dead or alive  verse 3 but i walk these streets, a loaded six-string on my back i play for keeps 'cause i might not make it back i've been everywhere, (oh yeah) still i'm standin' tall i've seen a million faces and i've rocked them all  chorus 'cause i'm a cowboy on a steel horse, i ride i'm wanted (wanted) dead or alive and i'm a cowboy i got the night on my side and i'm wanted (wanted) dead or alive  outro and i ride (and i ride), dead or alive i still drive (still drive), dead or alive dead or alive dead or alive dead or alive dead or alive22embed"
Bon Jovi,Always,90s,1994,"33 contributorstranslationsportuguêsελληνικάalways lyricsverse 1 this romeo is bleeding but you can't see his blood it's nothing but some feelings that this old dog kicked up it's been raining since you left me now i'm drowning in the flood you see i've always been a fighter but without you i give up i can't sing a love song like the way it's meant to be well, i guess i'm not that good anymore but baby, that's just me  chorus and i will love you, baby, always and i'll be there forever and a day, always i'll be there till the stars don't shine till the heavens burst and the words don't rhyme and i know when i die, you'll be on my mind and i'll love you, always  verse 2 now your pictures that you left behind are just memories of a different life some that made us laugh, some that made us cry one that made you have to say goodbye what i'd give to run my fingers through your hair to touch your lips, to hold you near when you say your prayers try to understand i've made mistakes, i'm just a man when he holds you close, when he pulls you near when he says the words you've been needing to hear i'll wish i was him 'cause those words are mine to say to you 'till the end of time you might also likechorus yeah, i will love you, baby, always and i'll be there forever and a day, always  bridge if you told me to cry for you i could if you told me to die for you i would take a look at my face there's no price i won't pay to say these words to you  guitar solo  well, there ain't no luck in these loaded dice but baby if you give me just one more try we can pack up our old dreams and our old lives we'll find a place where the sun still shines  chorus and i will love you, baby, always and i'll be there forever and a day, always i'll be there till the stars don't shine till the heavens burst and the words don't rhyme and i know when i die, you'll be on my mind and i'll love you, always always24embed"
Bon Jovi,I’ll Be There for You,50s,1950,"16 contributorstranslationsportuguêsi’ll be there for you lyricsverse 1 i guess this time you're really leavin' i heard your suitcase say goodbye well as my broken heart lies bleedin' you say true love is suicide you say you've cried a thousand rivers and now you're swimmin' for the shore you left me drownin' in my tears and you won't save me anymore i'm prayin' to god you'll give me one more chance, girl  chorus i'll be there for you, these five words i swear to you when you breathe i want to be the air for you, i'll be there for you i'd live and i'd die for you, i'd steal the sun from the sky for you words can't say what love can do, i'll be there for you  verse 2 i know you know we've had some good times now they have their own hidin' place well, i can promise you tomorrow but i can't buy back yesterday and, baby, you know my hands are dirty (and baby you know my hands are dirty) but i wanted to be your valentine i'll be the water when you get thirsty, baby when you get drunk, i'll be the wine you might also likechorus i'll be there for you, these five words i swear to you when you breathe i want to be the air for you, i'll be there for you i'd live and i'd die for you, i'd steal the sun from the sky for you words can't say what love can do, i'll be there for you  guitar solo  bridge and i wasn't there when you were happy (and i wasn't there to make you happy) i wasn't there when you were down i didn't mean to miss your birthday, baby i wish i'd seen you blow those candles out  chorus i'll be there for you, these five words i swear to you when you breathe i want to be the air for you, i'll be there for you i'd live and i'd die for you, i'd steal the sun from the sky for you words can't say what love can do, i'll be there for i'll be there for you, these five words i swear to you when you breathe i want to be the air for you, i'll be there for you i'd live and i'd die for you, i'd steal the sun from the sky for you words can't say what love can do, i'll be there for you  outro woah, oh, oh, woah, oh, oh, woah, oh, oh, woah woah, oh, oh, woah, oh, oh, woah, oh, oh, woah woah, oh, oh, woah, oh, oh, woah, oh, oh, woah7embed"
Bon Jovi,Bed of Roses,90s,1992,"24 contributorstranslationsportuguêsbed of roses lyricsverse 1 sitting here wasted and wounded at this old piano trying hard to capture the moment this morning i don't know 'cause a bottle of vodka is still lodged in my head and some blonde gave me nightmares i think that she's still in my bed as i dream about movies they won't make of me when i'm dead  verse 2 with an ironclad fist, i wake up and french kiss the morning while some marching band keeps its own beat in my head while we're talking about all of the things that i long to believe about love and the truth and what you mean to me and the truth is baby you're all that i need  chorus i want to lay you down in a bed of roses for tonight i sleep on a bed of nails oh i wanna be just as close as the holy ghost is and lay you down on a bed of roses  verse 3 well i'm so far away, that each step that i take is on my way home a king's ransom in dimes i'd given each night just to see through this payphone still i run out of time or it's hard to get through till the bird on the wire flies me back to you i'll just close my eyes and whisper baby, blind love is true you might also likechorus i want to lay you down in a bed of roses for tonight i sleep on a bed of nails oh i want to be just as close as the holy ghost is and lay you down on a bed of roses  bridge well, this hotel bar hangover whiskey's gone dry the barkeeper's wig's crooked and she's giving me the eye i might have said yeah but i laughed so hard i think i died ooh yeah  guitar solo  verse 4 now as you close your eyes know i'll be thinking about you while my mistress she calls me to stand in her spotlight again tonight, i won't be alone but you know that don't mean i'm not lonely i've got nothing to prove for it's you that i'd die to defend chorus i want to lay you down in a bed of roses for tonight i sleep on a bed of nails oh i want to be just as close as the holy ghost is and lay you down  chorus i want to lay you down in a bed of roses for tonight i sleep on a bed of nails i want to be just as close as the holy ghost is and lay you down on a bed of roses11embed"
Bon Jovi,Runaway,80s,1984,"27 contributorstranslationsportuguêsrunaway lyricsverse 1 on the street where you live girls talk about their social lives they're made of lipstick, plastic and paint, a touch of sable in their eyes (all your life) all your life all you've asked when's your daddy gonna talk to you but you was living in another world trying to get your message through  pre-chorus no one heard a single word you said they should have seen it in your eyes what was going around your head  chorus ooh, she's a little runaway daddy's girl learned fast all those things she couldn't say ooh, she's a little runaway  verse 2 take a line every night guaranteed to blow your mind i see you out on the streets, calling for a wild time so you sit home alone cause there's nothing left that you can do there's only pictures hung in the shadows left there to look at you you know she likes the lights at nights on the neon broadway signs she don't really mind, it's only love she hoped to find  chorus ooh, she's a little runaway daddy's girl learned fast all those things she couldn't say ooh, she's a little runaway you might also likeguitar solo  pre-chorus no one heard a single word you said they should have seen it in your eyes what was going around your head  chorus ooh, she's a little runaway daddy's girl learned fast all those things she couldn't say ooh, she's a little runaway daddy’s girl learned fast now she works the night away ooh, she's a little runaway daddy's girl learned fast all those things she couldn't say ooh, she's a little runaway daddy’s girl learned fast now she works the night away ooh, she's a little runaway7embed"
Bon Jovi,Bad Medicine,80s,1988,"24 contributorstranslationsportuguêsbad medicine lyricschorus your love is like bad medicine bad medicine is what i need oh-oh-oh, shake it up, just like bad medicine there ain't no doctor that can cure my disease (bad medicine)  verse 1 i ain't got a fever got a permanent disease it'll take more than a doctor to prescribe a remedy i got lots of money but it isn't what i need gonna take more than a shot to get this poison out of me and i got all the symptoms count them, one, two, three  pre-chorus first you need (that's what you get for falling in love) then you bleed (you get a little but it's never enough) on your knees (that's what you get for falling in love) and now this boy's addicted cause your kiss is the drug  chorus oh-oh-oh, your love is like bad medicine bad medicine is what i need oh-oh-oh, shake it up, just like bad medicine there ain't no doctor that can cure my disease (bad, bad medicine) you might also likeverse 2 i don't need no needle to be giving me a thrill and i don't need no anesthesia or a nurse to bring a pill i got a dirty down addiction, it doesn't leave a track i've got a jones for your affection like a monkey on my back there ain't no paramedic gonna save this heart attack  pre-chorus when you need (that's what you get for falling in love) then you bleed (you get a little but it's never enough) on your knees (that's what you get for falling in love) now this boy is addicted and your kiss is the drug  chorus oh-oh-oh, your love is like bad medicine bad medicine is what i need oh-oh-oh, shake it up, just like bad medicine so let's play doctor, baby, cure my disease (bad, bad medicine) that's what i want (bad, bad medicine) that's what i need  verse 3 i need a respirator cause i'm running out of breath you're an all night generator wrapped in stockings and a dress when you find your medicine you take what you can get 'cause if there's something better baby well they haven't found it yet chorus oh-oh-oh, your love is like bad medicine bad medicine is what i need oh-oh-oh, shake it up, just like bad medicine there ain't no doctor that can cure my disease your love, bad medicine bad medicine is what i need oh-oh-oh, shake it up, just like bad medicine your love's the potion that can cure my disease bad, bad medicine is what i want bad, bad medicine (i gotta, i gotta, i gotta, i gotta)  breakdown i gotta, i gotta i gotta do it again, wait a minute, wait a minute hold on i'm not done one more time with feeling come on help me out now  chorus your love is like bad medicine bad medicine is what i need oh-oh-oh, shake it up just like bad medicine you got the potion that can cure my disease your love, bad medicine your kiss is what i need your love, bad medicine8embed"
Bon Jovi,Thank You for Loving Me,00s,2000,"12 contributorstranslationsελληνικάthank you for loving me lyricsverse 1 it's hard for me to say the things i want to say sometimes there's no one here but you and me and that broken old street light lock the doors, we'll leave the world outside all i've got to give to you are these five words tonight  chorus thank you for loving me for being my eyes when i couldn't see for parting my lips when i couldn't breathe thank you for loving me thank you for loving me  verse 2 i never knew i had a dream until that dream was you when i look into your eyes, the sky's a different blue cross my heart, i wear no disguise if i tried, you'd make believe that you believed my lies  chorus thank you for loving me for being my eyes when i couldn't see for parting my lips when i couldn't breathe thank you for loving me  bridge you pick me up when i fall down you ring the bell before they count me out if i was drowning, you would part the sea and risk your own life to rescue me, yeah yeah, yeah, yeah, yeah, yeah, yeah, yeah you might also likepre-chorus lock the doors, we'll leave the world outside all i've got to give to you are these five words tonight  chorus thank you for loving me for being my eyes when i couldn't see for parting my lips when i couldn't breathe thank you for loving me when i couldn't fly, oh, you gave me wings you parted my lips when i couldn't breathe thank you for loving me  outro thank you for loving me thank you for loving me oh, for loving me4embed"
Bon Jovi,This Ain’t a Love Song,90s,1995,"12 contributorstranslationsportuguêsthis ain’t a love song lyricsverse 1 i should have seen it coming when roses died should have seen the end of summer in your eyes i should have listened when you said good night you really meant good bye baby, ain't it funny how we never ever learn to fall? you're really on your knees, when you think you're standing tall but only fools are ""know-it-alls"" and i played that fool for you  pre-chorus i cried and i cried, there were nights that i died for you baby i tried and i tried to deny your love drove me crazy, baby  chorus if the love that i've got for you is gone and if the river i’ve cried ain’t that long then i'm wrong, yeah i'm wrong this ain't a love song  verse 2 baby, i thought you and me would stand the test of time like we got away with the perfect crime but we were just a legend in my mind i guess that i was blind remember those nights dancing at the masquerade the clowns wore smiles that wouldn't fade but you and i were the renegades, some things never change it made me so mad because i wanted it bad for us baby and now it's so sad that whatever we had ain't worth saving you might also likechorus if the love that i've got for you is gone and if the river i’ve cried ain’t that long then i'm wrong, yeah i'm wrong this ain't a love song if the pain that i'm feeling so strong is the reason i'm holding on then i'm wrong, yeah i'm wrong this ain't a love song  pre-chorus i cried and i cried, there were nights that i died for you baby i tried and i tried to deny your love drove me crazy, baby  chorus if the love that i've got for you is gone and if the river i’ve cried ain’t that long then i'm wrong, yeah i'm wrong this ain't a love song if the pain that i'm feeling so strong is the reason i'm holding on then i'm wrong, yeah i'm wrong this ain't a love song  outro then i'm wrong, yeah i'm wrong, this ain't a love song then, i'm wrong, yeah, i'm wrong, this ain't a love song1embed"
Bon Jovi,Never Say Goodbye,80s,1986,"11 contributorsnever say goodbye lyricsverse 1 as i sit in this smoky room the night about to end i pass my time with strangers but this bottle's my only friend rememberin' when we used to park on butler street out in the dark remember when we lost the keys and you lost more than that in my backseat, baby  pre-chorus remember how we used to talk about bustin' out, we'd break their hearts together forever  chorus never say goodbye, never say goodbye you and me and my old friends hopin' it would never end say goodbye, never say goodbye holdin' on, we've gotta try holdin' on to never say goodbye  verse 2 remember days of skippin' school racin' cars and bein' cool with a six-pack and the radio we didn't need no place to go remember at the prom that night you and me, we had a fight but the band, they played our favorite song and i held you in my arms so strong you might also likepre-chorus we danced so close, we danced so slow and i swore i'd never let you go together forever  chorus never say goodbye, never say goodbye you and me and my old friends hopin' it would never end say goodbye, never say goodbye holdin' on, we've gotta try holdin' on to never say goodbye  pre-chorus oh, and i guess you'd say we used to talk about bustin' out, we'd break their hearts together forever  chorus never say goodbye, never say goodbye you and me and my old friends hopin' it would never end say goodbye, never say goodbye holdin' on, we gotta try holdin' on to never say goodbye yeah, yeah1embed"
Bon Jovi,Have a Nice Day,00s,2005,"14 contributorstranslationsportuguêshave a nice day lyricsverse 1 why, you wanna tell me how to live my life? who, are you to tell me if it's black or white? mama, can you hear me? try to understand is innocence the difference between a boy and a man? my daddy lived the lie, that's just the price that he paid sacrificed his life, just slaving away  chorus ohh, if there's one thing i hang onto that gets me through the night i ain't gonna do what i don't want to i'm gonna live my life shining like a diamond, rolling with the dice standing on the ledge, i show the wind how to fly when the world gets in my face i say, have a nice day have a nice day  verse 2 take a look around you; nothing's what it seems we're living in the broken home of hopes and dreams let me be the first to shake a helping hand anybody brave enough to take a stand i've knocked on every door, on every dead end street looking for forgiveness what's left to believe? you might also likechorus ohh, if there's one thing i hang onto that gets me through the night i ain't gonna do what i don't want to i'm gonna live my life shining like a diamond, rolling with the dice standing on the ledge, i show the wind how to fly when the world gets in my face i say, have a nice day have a nice day  guitar solo  chorus ohh, ohh, if there's one thing i hang onto that gets me through the night i ain't gonna do what i don't want to i'm gonna live my life shining like a diamond, rolling with the dice standing on the ledge, i show the wind how to fly when the world gets in my face i say, have a nice day have a nice day  post-chorus have a nice day have a nice day have a nice day have a nice day outro when the world keeps trying, to drag me down i gotta raise my hands, i'm gonna stand my ground well, i say, hey, have a nice day have a nice day have a nice dayembed"
Bon Jovi,Shot Through the Heart,80s,1984,"8 contributorsshot through the heart lyricsintro shot through the heart it's all part of the game that we call love  verse 1 would you be content to see me crying? after all those little games you put me through after all, i've done for you, you're lying wouldn't it be nice, to tell the truth?  pre-chorus didn't somebody somewhere say you're gonna take a fall? i gave you everything now here's the curtain call  chorus and i'm shot through the heart as i lay there alone in the dark through the heart it's all part of this game that we call love  verse 2 now you've come back here to say you're sorry, haha! i just don't know who you're talking to it could be the man i used to be, girl i've grown up and now i'm over you standing there just a live wire with nowhere left to turn you were gonna set the world on fire but you never learn you might also likechorus that i'm shot through the heart as i lay there alone in the dark through the heart it's all part of this game that we call love  guitar solo  pre-chorus standing there just a live wire with nowhere left to turn you were gonna set the world on fire but you never learn? now you're shot  verse 3 baby does, baby, please and baby must have what she sees but not this time, the tables turned and, baby, you just got burned  outro shot through the heart as i lay there alone in the dark through the heart it's all part of the game that we call shot through the heart as i lay there alone in the dark through the heart it's all part of the game that we call shot through the heart as i lay there alone in the dark through the heart it's all part of the game... shot, shot, shot shot, shot, shot shot, shot, shot1embed"
Bon Jovi,Keep the Faith,90s,1992,"8 contributorstranslationsportuguêskeep the faith lyricsverse 1 mother, mother, tell your children that their time has just begun i have suffered for my anger there are wars that can't be won  father, father, please believe me i am layin' down my guns i am broken like an arrow forgive me, forgive your wayward son  pre-chorus (everybody needs somebody to love) mother, mother (everybody needs somebody to hate) please believe me (everybody's bitchin' 'cause they can't get enough) and it's hard to hold on when there's no one to lean on  chorus faith, you know you're gonna live through the rain lord we've gotta keep the faith faith, don't you let your love turn to hate now we've gotta keep the faith  post-chorus keep the faith, keep the faith lord, we've gotta keep the faith you might also likeverse 2 tell me, baby, when i hurt you do you keep it all inside? do you tell me all's forgiven and just hide behind your pride? yeah  pre-chorus (everybody needs somebody to love) mother, father (everybody needs somebody to hate) please don't leave me (everybody's bleedin' 'cause the times are tough) well, it's hard to be strong when there's no one to dream on  chorus faith, you know you're gonna live through the rain lord we've gotta keep the faith faith, don't you know it's never too late right now we've gotta keep the faith faith, don't you let your love turn to hate lord, we've gotta keep the faith  post-chorus keep the faith, keep the faith oh, we've gotta keep the faith keep the faith, keep the faith lord, we've gotta keep the faith ooh yeah, ooh yeah yeah, yeah, yeah guitar solo  bridge i've been walking in the footsteps, of society's lies i don't like what i see no more, sometimes i wish that i was blind sometimes i wait forever, to stand out in the rain so no one sees me crying, trying to wash away this pain  pre-chorus mother, father (everybody needs somebody to love) there's things i've done i can't erase (everybody needs somebody to hate) and every night we fall from grace (everybody's bitchin' 'cause they can't get enough) it's hard with the world in your face trying to hold on, trying to hold on (everybody needs, everybody, keep the faith)  chorus faith, you know you're gonna live through the rain lord you gotta keep the faith faith, don't you let your love turn to hate right now we've gotta keep the faith (faith, keep the faith, keep the faith) trying to hold on, trying to hold on, yeah (faith, keep the faith, keep the faith) everybody keep the faith (faith, keep the faith, keep the faith) ooh yeah, ooh yeah, ooh yeah, ooh yeah, ooh yeah (everybody needs somebody to love) ooh yeah, ooh yeah, ooh yeah, ooh yeah, ooh yeah (everybody needs somebody to hate) (everybody needs somebody to love) (everybody needs, everybody, keep the faith) (faith) (faith)1embed"
Bon Jovi,These Days,90s,1995,"10 contributorstranslationsportuguêsthese days lyricsintro i was walking around, just a face in the crowd trying to keep myself out of the rain saw a vagabond king wear a styrofoam crown wondered if i might end up the same there's a man out on the corner singing old songs about change everybody got their cross to bare these days  verse 1 she came looking for some shelter with a suitcase full of dreams to a motel room on the boulevard i guess she's trying to be james dean she's seen all the disciples and all the wannabes no one wants to be themselves these days still there's nothing to hold on to but these days  chorus these days, the stars seem out of reach these days, there ain't a ladder on the streets these days are fast, nothing lasts in this graceless age there ain't nobody left but us these days  verse 2 jimmy shoes, he busted both his legs trying to learn to fly from a second story window he just jumped and closed his eyes his momma said he was crazy he said, ""momma, i've got to try don't you know that all my heroes died? and i guess i'd rather die than f-f-fade away"", yeah you might also likechorus these days, the stars seem out of reach, yeah these days, there ain't a ladder on the streets, oh no no these days are fast, nothing lasts, it's a graceless age even innocence has caught the midnight train there ain't nobody left but us these days  bridge (whoa, oh-oh-oh-oh) i know rome's still burning (whoa, oh-oh-oh-oh) though the times have changed (whoa, oh-oh-oh-oh) this world keeps turning round and round and round and round these days  guitar solo  chorus these days, the stars seem out of reach, yeah these days, there ain't a ladder on the streets, oh no no these days are fast, love don't last, it's a graceless age even innocence has caught the midnight train  these days, the stars seem out of reach, yeah these days, there ain't a ladder on the streets, oh no no these days are fast, nothing lasts, there ain't no time to waste there ain't nobody left to take the blame oh no no no, ain't nobody left but us these days ain't nobody left but us these days instrumental outro1embed"
Bon Jovi,Walls,10s,2018,5 contributorswalls lyricsverse 1 my mama told me when i was younger you better speak up don't be a number my daddy told me when there was thunder go be the lightning don't run for cover  pre-chorus who's gonna help the helpless sometimes we're all alone these days we're all just looking for a place that we call home  chorus now we can't climb over and you can't go 'round build them up we'll tear them down brick by brick gonna watch them fall build more bridges and tear down walls you might also likethese walls are the mountains that we climb these walls are the great divide brick by brick gonna watch them fall build more bridges tear down walls  verse 2 the space between us is getting wider we need the spark to light the fire show me the promise give me some feeling there's too much hurting we need some healing  pre-chorus who's gonna help the helpless sometimes we're all alone these days we're one step closer to that place that we call home  chorus now we can't climb over and you can't go 'round build them up we'll tear them down brick by brick gonna watch them fall build more bridges and tear down walls these walls are the mountains that we climb these walls are the great divide brick by brick gonna watch them fall build more bridges tear down these walls  bridge i remember when the world was smaller and we both felt 10 feet taller  chorus now we can't climb over and you can't go 'round build them up we'll tear them down brick by brick gonna watch them fall build more bridges and tear down walls  these walls are the mountains that we climb these walls are the great divide brick by brick gonna watch them fall build more bridges tear down these walls (these walls) (these walls) (these walls) tear down these walls (these walls) (these walls) (these walls) tear down wallsembed
Bon Jovi,Born to Be My Baby,80s,1988,"18 contributorstranslationsportuguêsborn to be my baby lyricsintro two, three, four! na-na-na na-na-na na na-na na-na na-na-na na-na-na na na-na na-na na-na-na na-na-na na na-na na-na  verse 1 rainy night and we worked all day we both got jobs because there's bills to pay we got something they can't take away our love, our lives close the door, leave the cold outside i don't need nothing when i'm by your side we got something that'll never die our dreams, our pride  pre-chorus my heart beats like a drum (all night) flesh to flesh, one to one (and it's alright) and i'll never let go cause there's something i know deep inside  chorus that you were born to be my baby and baby, i was made to be your man we got something to believe in even if we don't know where we stand only god would know the reasons but i bet he must have had a plan 'cause you were born to be my baby and baby, i was made to be your man you might also likeverse 2 light a candle, blow the world away table for two on a tv tray it ain't fancy, baby, that's okay our time, our way so hold me close better hang on tight buckle up, baby, it's a bumpy ride we're two kids hitching down the road of life our world, our fight  pre-chorus if we stand side by side (all night) there's a chance we'll get by (and it's alright) and i'll know that you'll be live in my heart till the day that i die  chorus 'cause you were born to be my baby and baby, i was made to be your man we got something to believe in even if we don't know where we stand only god would know the reasons but i bet he must have had a plan 'cause you were born to be my baby and baby, i was made to be your man guitar solo  pre-chorus my heart beats like a drum (all night) flesh to flesh, one to one (and it's alright) and i'll never let go cause there's something i know deep inside  chorus you were born to be my baby and baby, i was made to be your man we got something to believe in even if we don't know where we stand only god would know the reasons but i bet he must have had a plan 'cause you were born to be my baby and baby, i was made to be your man you were born to be my baby and baby, i was made to be your man  outro na-na-na na-na-na na na-na na-na na-na-na na-na-na na na-na na-na na-na-na na-na-na na na-na na-na na-na-na na-na-na na na-na na-na na-na-na na-na-na na na-na na-na na-na-na na-na-na na na-na na-na na-na-na na-na-na na na-na na-na na-na-na na-na-na na na-na na-na na-na-na na-na-na na na-na na-na4embed"
Bon Jovi,Do What You Can,10s,2020,"10 contributorsdo what you can lyricsverse 1 tonight they're shutting down the borders and they boarded up the schools small towns are rollin’ up their sidewalks one less paycheck comin' through i know you're feelin’ kinda nervous we're all a little bit confused nothing's the same, this ain't a game we gotta make it through  verse 2 as we wave outside the window older loved ones stay inside moms and babies blowin' kisses may be saving someone's life they had to cancel graduation it ain't fair to skype the prom our kids sit homе in isolation tv news is always on  chorus when you can't do what you do you do what you can this ain’t my prayer, it’s just a thought i'm wanting to sеnd ’round here, we bend but don't break down here, we all understand when you can't do what you do you do what you can you might also likeverse 3 the chicken farm from arkansas bought workers ppe not before five hundred more had succumbed to this disease honest men and honest women workin' for an honest wage i got a hundred point one fever, and we still got bills to pay  chorus when you can’t do what you do you do what you can this ain't my prayer, it's just a thought i'm wanting to send 'round here, we bend but don't break down here, we all understand when you can't do what you do you do what you can  bridge they built a hospital on east meadow in central park last night doctors, nurses, truckers, grocery store clerks manning the front lines i saw a red cross on the hudson they turned off the broadway lights another ambulance screams by there by the grace of god go i  verse 4 although i'll keep my social distance what this world needs is a hug until we find the vaccination there's no substitute for love so love yourself and love your family love your neighbor and your friend ain't it time we loved a stranger? they're just a friend you ain't met yet chorus when you can't do what you do you do what you can this ain't my prayer, it's just a thought i'm wanting to send 'round here, we bend but don't break down here, we all understand when you can't do what you do you do what you can when you can't do what you do you do what you can1embed"
Bon Jovi,Unbroken,10s,2019,"16 contributorsunbroken lyricsverse 1 i was born to be of service camp lejeune just felt like home i had honor, i found purpose ""sir, yes, sir,"" that's what i know they sent us to a place i never heard of weeks before when you're nineteen it ain't hard to sleep in the desert on god's floor close your eyes, stop counting sheep you ain't in boot camp anymore  verse 2 we were taught to shoot our rifles men and women side by side thought we'd be met as liberators in a thousand-year-old fight i got this painful ringing in my ear from an ied last night but no lead-lined humvee war machine could save my sergeant's life three more soldiers, six civilians need these words to come out right  chorus god of mercy, god of light save your children from this life hear these words, this humble plea for i, have seen the suffering and with this prayer, i'm hopin' that we can be unbroken you might also likeverse 3 it's eighteen months now, i’ve been stateside with this medal on my chest but there are things i can't remember and there are things i won't forget i lie awake at night with dreams the devil shouldn't see i wanna scream, but i can't breathe and christ, i'm sweatin' through these sheets where's my brothers? where's my country? where's my ""how things used to be""?  chorus god of mercy, god of light save your children from this life hear these words, this humble plea for i, have seen the suffering and with this prayer, i'm hopin' that we can be unbroken  bridge my service dog's done more for me than the medication would there ain't no angel that's comin' to save me but even if they could verse 4 today, twenty-two will die from suicide just like yesterday, they're gone i live my life for each tomorrow so their memories will live on once we were boys, and we were strangers now we're brothers and we're men someday, you'll ask me, ""was it worth it to be of service in the end?"" well, the blessing and the curses yeah, i'd do it all again  outro whoa-oh-oh-oh whoa-oh-oh-oh whoa-oh-oh-oh whoa-oh-oh whoa-oh-oh-oh whoa-oh-oh whoa-oh, yeah2embed"
Bon Jovi,In These Arms,90s,1992,"5 contributorstranslationsportuguêsin these arms lyricsintro you want commitment take a look into these eyes they burn with fire (yeah) until the end of time and i would do anything i'd beg, i'd steal, i'd die to have you in these arms tonight  verse 1 baby i want you like the roses want the rain you know i need you like a poet needs the pain and i would give anything my blood, my love, my life if you were in these arms tonight  chorus i'd hold you, i'd need you i'd get down on my knees for you and make everything alright if you were in these arms i'd love you, i'd please you i'd tell you that i'd never leave you and love you until the end of time if you were in these arms tonight you might also likeverse 2 we stared at the sun and we made a promise a promise this world would never blind us and these were our words our words were our songs our songs are our prayers these prayers keep me strong and i still believe if you were in these arms  chorus i'd hold you, i'd need you i'd get down on my knees for you and make everything alright if you were in these arms i'd love you, i'd please you i'd tell you that i'd never leave you and love you until the end of time if you were in these arms tonight  brdige your clothes are still scattered all over our room this whole place still smells like your cheap perfume everything here reminds me of you and there's nothing that i wouldn't do guitar solo  pre-chorus and these were our words they keep me strong, baby!  chorus i'd hold you, i'd need you i'd get down on my knees for you and make everything alright if you were in these arms i'd love you, i'd please you i'd tell you that i'd never leave you and love you until the end of time if you were in these arms tonight  outro if you were in these arms tonight if you were in these arms tonight if you were in these arms baby like the roses need the rain like the seasons need to change like a poet needs the pain i need you in these arms tonight if you were in these arms tonight3embed"
Bon Jovi,Story of Love,10s,2020,"10 contributorsstory of love lyricschorus fathers love daughters like mothers love sons they've been writing our story before there was one from the day you arrive, 'til you walk, 'til you run there is nothin' but pride, there is nothin' but love  verse 1 they can offer advice that you don't wanna hear words that cut like a knife and still ring in your ear you think of them ignorant, they think of you arrogant if you need evidence, who gave you confidence?  verse 2 a snap of the finger and you're not a child but you're still holdin' on as you walk down the aisle when they give you away to hear someone else say that someone will love you 'til their dyin' day  chorus fathers love daughters like mothers love sons they've been writing our story before there was one from the day you arrive 'til you walk, 'til you run there is nothin' but pride, there is nothin' but love and that's the story of love  verse 3 you can choose to remember or choose to forget if they took you to school or they tucked you in bed you can say it don't matter, you won't do the same you'd think no one noticed when you looked away you might also likechorus fathers love daughters like mothers love sons they've been writing our story before there was one from the day you arrive 'til you walk, 'til you run there is nothin' but pride, there is nothin' but love  verse 4 now they're getting older, and you ain't so young so you take care of them like your daughters and sons you can ask for forgiveness, they could ask for the same forget all the anguish, the heartache, the pain  verse 5 wherever you go or wherever you've been it's them that is with you, and that's you that's with them fathers and daughters and mothers and sons as one story ends, another's begun  chorus oh, fathers love daughters like mothers love sons they've been writing our story before there was one from the day you arrive 'til you walk, 'til you run there is nothin' but pride, there is nothin' but love from hello to goodbye, that's the story of love that's the story of loveembed"
Bon Jovi,This House Is Not for Sale,10s,2018,"14 contributorstranslationsespañolthis house is not for sale lyricsverse 1 these four walls have got a story to tell oh-oh, oh-oh the door is off the hinges, there's no wish in the well oh-oh, oh-oh  pre-chorus 1 outside the sky is coal black, the streets are on fire the picture window's cracked, and there's nowhere to run i know, i know, this house is not for sale  chorus i set each stone and i hammered each nail this house is not for sale where memories live and the dream don't fail this house is not for sale coming home, i'm coming home  verse 2 drove a spike into the ground and i staked my claim oh-oh, oh-oh standing on the dirt where they'll dig my grave oh-oh, oh-oh  pre-chorus 2 now what built these walls is in my veins no time for lookin' back, the wolf is at the door this heart, this soul, this house is not for sale you might also likechorus i set each stone and i hammered each nail this house is not for sale where memories live and the dream don't fail this house is not for sale coming home, i'm coming home  bridge this house was built on trust that's what it is, and always was no wrecking ball could knock it down this house was built on higher ground  chorus i set each stone and i hammered each nail this house is not for sale where memories live and the dream don't fail this house is not for sale coming home, i'm coming home  outro coming home, i'm coming home (this house is not for sale) coming home, i'm coming home (i'm) coming home, i'm coming home (this house is not for sale)1embed"
Bon Jovi,Someday I’ll Be Saturday Night,90s,1994,"6 contributorstranslationsportuguêssomeday i’ll be saturday night lyricsintro hey, man, i'm alive i'm taking each day and night at a time i'm feeling like a monday, but someday i'll be saturday night  verse 1 hey my name is jim, where did i go wrong? my life's a bargain basement and all the good shit's gone just can't hold a job, where do i belong? been sleeping in my car, my dreams moved on my name is billie jean, my love is bought and sold i'm only sixteen, i feel a hundred years old my foster daddy went, took my innocence away the street life ain't much better, but at least i'm getting paid  pre-chorus and tuesday just might go my way can't get worse than yesterday thursdays, fridays ain't been kind but somehow i'll survive  chorus hey, man, i'm alive! i'm taking each day and night at a time yeah i'm down, but i know i'll get by hey hey hey hey, man, gotta live my life like i ain't got nothing but this roll of the dice i'm feeling like a monday, but someday i'll be saturday night you might also likeverse 2 now i can't say my name or tell you where i am i want to blow myself away, don't know if i can i wish that i could be in some other time and place with someone else's soul, someone else's face  pre-chorus and tuesday just might go my way can't get worse than yesterday thursdays, fridays ain't been kind but somehow i'll survive  chorus hey, man, i'm alive! i'm taking each day and night at a time yeah i'm down, but i know i'll get by hey hey hey hey, man, i gotta live my life i'm gonna pick up all the pieces and what's left of my pride i'm feeling like a monday, but someday i'll be saturday night  bridge someday i'll be saturday night i'll be back on my feet, i'll be doing all right it may not be tomorrow, baby, that's okay i ain't going down, i'm gonna find a way! chorus hey, man, i'm alive! i'm taking each day and night at a time yeah i'm down, but i know i'll get by hey hey hey hey, man, gotta live my life like i ain't got nothing but this roll of the dice i'm feeling like a monday, but someday i'll be saturday nightembed"
Bon Jovi,I’d Die for You,50s,1950,"9 contributorsi’d die for you lyricsverse 1 if you could see inside my heart then you would understand i'd never mean to hurt you baby, i'm not that kind of man i might not say i'm sorry yeah, i might talk tough sometimes and i might forget the little things or keep you hangin' on the line  pre-chorus in a world that don't know romeo and juliet boy meets girl and promises we can't forget (can't forget) we are cast from eden's gate with no regrets into the fire, we cry  chorus i'd die for you i'd cry for you i'd do anything i'd lie for you you know it's true baby, i'd die for you i'd die for you i'd cry for you if it came right down to me and you you know it's true baby, i'd die for you you might also likeverse 2 i might not be a savior and i'll never be a king i might not send you roses or buy you diamond rings but if i could see inside you maybe i'd know just who we are 'cause our love is like a hunger without it, we would starve  pre-chorus in a world that don't know romeo and juliet boy meets girl and promises we can't forget (can't forget) we are cast from eden's gate with no regrets into the fire, we cry  chorus i'd die for you i'd cry for you i'd do anything i'd lie for you you know it's true baby, i'd die for you i'd die for you i'd cry for you if it came right down to me and you you know it's true baby, i'd die for you guitar solo  chorus i'd die for you i'd cry for you i'd do anything i'd lie for you you know it's true baby, i'd die for you i'd die for you i'd cry for you if it came right down to me and you you know it's true baby, i'd die for you  outro oh-oh-oh, oh-oh-oh-oh-oh baby, it's only for you it's only for you oh-oh-oh, oh-oh-oh-oh-oh baby, it's only for you it's only for you2embed"
Bon Jovi,Who Says You Can’t Go Home?,00s,2005,"12 contributorstranslationsportuguêswho says you can’t go home? lyricsverse 1 i spent 20 years trying to get out of this place i was looking for something i couldn't replace i was running away from the only thing i've ever known like a blind dog without a bone i was a gypsy lost in the twilight zone i hijacked a rainbow and crashed into a pot of gold i been there, done that and i ain't looking back on the seeds i've sown saving dimes, spending too much time on the telephone who says you can't go home?  chorus who says you can't go home? there's only one place they call me one of their own just a hometown boy, born a rolling stone who says you can't go home? who says you can't go back? been all around the world and as a matter of fact there's only one place left i want to go who says you can't go home? it's alright, it's alright, it's alright, it's alright, its alright  verse 2 i went as far as i could, i tried to find a new face there isn't one of these lines that i would erase i lived a million miles of memories on that road with every step i take i know that i'm not alone you take the home from the boy, but not the boy from his home these are my streets, the only life i've ever known who says you can't go home you might also likechorus who says you can't go home? there's only one place they call me one of their own just a hometown boy, born a rolling stone who says you can't go home? who says you can't go back? been all around the world and as a matter of fact there's only one place left i want to go who says you can't go home? it's alright, it's alright, it's alright, it's alright, its alright  verse 3 i been there, done that and i ain't looking back it's been a long long road feels like i never left, that's how the story goes it doesn't matter where you are, it doesn't matter where you go if it's a million miles aways or just a mile up the road take it in, take it with you when you go who says you can't go home?  chorus who says you can't go home? there's only one place they call me one of their own just a hometown boy, born a rolling stone who says you can't go home? who says you can't go back? been all around the world and as a matter of fact there's only one place left i want to go who says you can't go home? it's alright, it's alright, it's alright, it's alright, its alright it's alright, it's alright, it's alright, it's alright, its alright who says you can't go home? who says you can't go home?2embed"
Bon Jovi,Roller Coaster,10s,2018,"4 contributorsroller coaster lyricsintro (roller coaster)  verse 1 i see you thinking twice wish i could read your mind move up or out of line too late for praying i know we might lose our breath we might be scared to death this chance is like a step just gotta take it oh, countdown to here we go  chorus hold on tight, slide a little closer up so high stars are on our shoulders time flies by, don't close your eyes kiss by kiss, love is like a thrill ride what goes up might take us upside down life ain't a merry-go-round  post-chorus it's a roller coaster it's a roller coaster you might also likeverse 2 can't lie and won't pretend i know what's 'round the bend too late to start again won't take it slower let's slip right off these tracks we'll fly or we might crash don't look down, don't look back 'cause it ain't over  chorus hold on tight, slide a little closer up so high stars are on our shoulders time flies by, don't close your eyes kiss by kiss, love is like a thrill ride what goes up might take us upside down life ain't a merry-go-round  post-chorus it's a roller coaster it's a roller coaster  bridge oh, countdown to here we go so hold on tight, slide a little closer up so high the stars are on our shoulders it's a roller coaster chorus kiss by kiss, love is like a thrill ride what goes up might take us upside down life ain't a merry-go-round  post-chorus it's a roller coaster it's a roller coaster roller coaster it's a roller coasterembed"
Bon Jovi,I’ll Sleep When I’m Dead,50s,1950,"5 contributorstranslationsportuguêsi’ll sleep when i’m dead lyricsverse 1 seven days of saturday is all that i need got no use for sunday because i don't rest in peace don't need no mondays or the rest of the week i spend a lot of time in bed but baby i don't like to sleep, no  pre-chorus i won't lie to you i'm never going to cry to you i'll probably drive you wild eight days a week  chorus until i'm six feet under, baby i don't need a bed gonna live while i'm alive, i'll sleep when i'm dead until they roll me over and lay my bones to rest gonna live while i'm alive, i'll sleep when i'm dead  verse 2 so you're looking for some action, i got got everything you need better keep your motor running, because i was built for speed this ain't no slumber party, got no time for catching z's if they say that that ain't healthy, well then living's a disease  pre-chorus we're never going to die baby come on let me drive you crazy we'll make every night another new year's eve you might also likechorus until i'm six feet under, baby i don't need a bed gonna live while i'm alive, i'll sleep when i'm dead until they roll me over and lay my bones to rest gonns live while i'm alive, i'll sleep when i'm dead sleep when i'm dead, sleep when i'm dead gonna live while i'm alive, i'll sleep when i'm dead  guitar solo  bridge seven days of saturday is all that i need got no use for sunday, because i don't rest in peace i was born to live, you know i wasn't born to die but if they party down in heaven, i'll be sure to be on time  chorus until i'm six feet under, baby i don't need a bed gonna  live while i'm alive, i'll sleep when i'm dead until they roll me over and lay my bones to rest gonna  live while i'm alive, i'll sleep when i'm dead  outro i feel like i'm exploding, going out of my head gonna  live while i'm alive, i'll sleep when i'm dead until i'm six feet under and they lay my bones to rest gonna  live while i'm alive, i'll sleep when i'm dead sleep when i'm dead, sleep when i'm dead gonna live while i'm alive, sleep when i'm deadembed"
Bon Jovi,Limitless,10s,2020,"11 contributorslimitless lyricsintro whoa, oh-oh-oh whoa, oh-oh-oh  verse 1 wake up everybody wake up here we go, it's just another day another buzz another beep scrub your face and brush your teeth out the door and to the street i fell out of my sleep a million different faces all from different places swimming in the sea tryna keep your head above water tryna keep your head above water  chorus on a night like this one prayer, one wish step out off the edge it's worth the risk life is limitless, limitless, limitless, limitless  verse 2 wake up everybody wake up morning comes, you do it all again you know the song it's on repeat find your shoes, can't find your feet grab your wallet and your keys better not forget to breathe sweat until you're soaking don't let them see you choking a teardrop in the sea tryna keep your head above water you're tryna keep your head above water you might also likechorus on a night like this one prayer, one wish step out off the edge it's worth the risk life is limitless, limitless, limitless, limitless life is limitless, limitless, limitless  bridge live to figure out what it's all about when the sun comes up and the sun goes down is there something more than it was before there's an open door what are you waiting for life is limitless, limitless, limitless  chorus on a night like this one prayer, one wish step out off the edge it's worth the risk on a night like this one touch, one kiss step out off the edge it's worth the risk life is limitless, limitless, limitless, limitless life is limitless, limitless, limitless, limitless limitless, limitless, limitless, limitless2embed"
Bon Jovi,American Reckoning,10s,2020,"10 contributorsamerican reckoning lyricsverse 1 america's on fire there's protests in the street her conscience has been looted and her soul is under siege another mother's crying, as history repeats i can't breathe  verse 2 god damn those 8 long minutes lying face down in cuffs on the ground bystanders pleaded for mercy as one, cop shoved a kid in the crowd when did a judge and a jury become a badge and a knee on these streets?  chorus stay alive, stay alive shine a light, stay alive use your voice and you remember me american reckoning  verse 3 i'll never know what it's like to walk a mile in his shoes and i'll never have to have the talk so it don't happen to you three little words written 'cross the chest of a twelve year old who hasn't lived life yet ""am i next? am i next?"" you might also likechorus stay alive, stay alive shine a light, stay alive use your voice and you remember me american reckoning  instrumental break  bridge is this a moment or movement? is this the tide or a flood? is our american reckoning? our story written in blood or in love or in peace  chorus stay alive, stay alive shine a light, stay alive use your voice and you remember me  stay alive, stay alive shine a light, stay alive use your voice and you remember me american reckoning in our american reckoningembed"
Bon Jovi,(You Want To) Make a Memory,00s,2007,"13 contributorstranslationsportuguês(you want to) make a memory lyricsverse 1 hello again, it’s you and me kinda always like it used to be sipping wine, killing time tryna' to solve life’s mysteries how’s your life? it’s been a while god it’s good to see you smile i see you reaching for your keys looking for a reason not to leave  pre-chorus if you don’t know if you should stay if you don’t say what’s on your mind baby just breathe there’s no where else tonight we should be you wanna make a memory  verse 2 i dug up this old photograph look at all that hair we had it’s bittersweet to hear you laugh your phone is ringing, i don’t wanna ask  pre-chorus if you go now, i’ll understand if you stay, hey, i got a plan you might also likechorus you wanna make a memory? you wanna steal a piece of time? you could sing a melody to me and i could write a couple lines you wanna make a memory  pre-chorus if you don’t know if you should stay and you don’t say what’s on your mind baby just breathe there’s no where else tonight we should be- (we shouldn't be) we should be  chorus you wanna make a memory? you wanna steal a piece of time? you can sing the melody to me and i could write a couple lines you wanna make a memory you wanna make a memoryembed"
Bon Jovi,Lay Your Hands on Me,80s,1988,"7 contributorstranslationsportuguêslay your hands on me lyricsverse 1 if you're ready, i'm willing and able help me lay my cards out on the table you're mine and i'm yours for the taking right now the rules we made are meant for breaking what you get ain't always what you see but satisfaction's guaranteed they say what you give is always what you need so if you want me to lay my hands on you  chorus lay your hands on me lay your hands on me lay your hands on me lay your hands on me lay your hands on me lay your hands on me  verse 2 i'm a fighter, i'm a poet, i'm a preacher i've been to school and baby, i've been the teacher if you show me how to get up off the ground i can show you how to fly and never ever come back down everything you want is what i need satisfaction's guaranteed but the ride don't never ever come for free if you want me to lay my hands on you you might also likechorus lay your hands on me lay your hands on me lay your hands on me lay your hands on me lay your hands on me lay your hands on me  outro don't you know i only aim to please if you want me to lay my hands on you lay your hands on me1embed"
Bon Jovi,Hallelujah,10s,2022,"6 contributorshallelujah lyricswell, i heard there was a secret chord that david played to please the lord but you don't really care for music, do you? well, it goes like this the fourth, the fifth the minor fall and the major lift the baffled king composing hallelujah  hallelujah, hallelujah hallelujah, hallelujah  well, your faith was strong but you needed proof you saw her bathing on the roof her beauty and the moonlight overthrew you and she tied you to her kitchen chair she broke your throne and she cut your hair and from your lips she drew the hallelujah  hallelujah, hallelujah hallelujah, hallelujah  yeah, baby, i've been here before i've seen this room and i've walked this floor i used to live alone before i knew you and i've seen your flag on that marble arch your love is not a victory march it's a cold and it's a broken hallelujah you might also likehallelujah, hallelujah hallelujah, hallelujah  well, there was a time when you let me know what was going on below now you don't never show that to me, do you? but remember when i moved in you and the holy dove was moving too and every breath we drew was hallelujah  hallelujah, hallelujah hallelujah, hallelujah  well, now maybe there's a god above but all i've ever learned from love was how to shoot somebody who outdrew you and it's not your cry that i hear at night, no it's not someone who's seen the light it's a cold and it's a broken hallelujah  hallelujah, hallelujah hallelujah, hallelujah hallelujah, hallelujah hallelujah, hallelujah hallelujah, hallelujah hallelujah1embed"
Bon Jovi,Let It Rain,10s,2020,"6 contributorslet it rain lyricsverse 1 ever since there was thunder there's been shelter from the storm a place to run for cover 'til the rain clouds had moved on now when i get that feelin' before the first drop hits the ground i'm askin', ""who's gonna stop the rain from fallin' down?""  verse 2 wherever there's a soldier who won't give up the fight wherever there's a darkness that's tryin' to find the light wherever there is hurtin' there's healing on the way like sunshine breakin' through a cloudy day  chorus let it rain, let it rain let the rain fall all around who's gonna stop the rain from fallin' down?  verse 3 maybe someday, eyes won't judge you by the bed you're sleepin' in the god you wanna pray to or the color of your skin when priests and politicians tell the truth and nothin' more that day, we'll know what all of this was for you might also likechorus let it rain, let it rain let the rain fall all around who's gonna stop the rain from fallin' down?  bridge these ain't pretty pictures that we're keepin in the cloud outside, a storm is raging just take a look around  verse 4 somewhere, there's forgiveness for the broken ones like me who once stared down mighty mountains and now sit beneath the trees and somewhere, there's a church bell that's summoning the choir somewhere, there's a dreamer who would walk a thousand miles somewhere, there's a dreamer who would walk a thousand miles  chorus let it rain, let it rain let the rain fall all around who's gonna stop the rain from fallin'? if you're out there, christ, i'm calling who's gonna stop the rain from fallin' down?embed"
Bon Jovi,We Weren’t Born to Follow,00s,2009,"11 contributorstranslationsenglishwe weren’t born to follow lyricsverse 1 this one goes out to the man who mines for miracles this one goes out to the ones in need this one goes out to the sinner and the cynical this ain't about no apology this road was paved by the hopeless and the hungry this road was paved by the winds of change walking beside the guilty and the innocent how will you raise your hand when they call your name? yeah, yeah, yeah  chorus we weren't born to follow come on and get up off your knees when life is a bitter pill to swallow you gotta hold on to what you believe believe that the sun will shine tomorrow and that your saints and sinners bleed we weren't born to follow you gotta stand up for what you believe let me hear you say yeah, yeah, yeah, oh yeah  verse 2 this one's about anyone who does it differently this one's about the one who curses and spits this ain't about our livin' in a fantasy this ain't about givin' up or givin' in yeah, yeah, yeah you might also likechorus we weren't born to follow come on and get up off your knees when life is a bitter pill to swallow you gotta hold on to what you believe believe that the sun will shine tomorrow and that your saints and sinners bleed we weren't born to follow you gotta stand up for what you believe let me hear you say yeah, yeah, yeah, oh yeah let me hear you say yeah, yeah, yeah, oh yeah guitar!  guitar solo  chorus we weren't born to follow come on and get up off your knees when life is a bitter pill to swallow you gotta hold on to what you believe believe that the sun will shine tomorrow and that your saints and sinners bleed we weren't born to follow you gotta stand up for what you believe let me hear you say yeah, yeah, yeah, oh yeah outro we weren't born to follow, oh yeah we weren't born to follow, oh yeah2embed"
Bon Jovi,When We Were Us,10s,2018,"2 contributorswhen we were us lyricsverse 1 we were young, unafraid we were finding our own way there's no wind, there's no rain in the eye of a hurricane every time you climb that mountain there's another one left to climb don't go looking for tomorrow leaving yesterday behind  chorus writing every page together those days were not to last forever diamonds in the rough when we were us burn the house and torch the skyline there was more than fire in our eyes love meant more than lust when we were us  verse 2 we were one, born and raised more than blood runs through these veins cuts can heal, scars will fade what we had will never change seasons pass and time will move on you don't ever have to let it go you can only go so far now till you're on your way back home you might also likechorus writing every page together those days were not to last forever diamonds in the rough when we were us burn the house and torch the skyline there was more than fire in our eyes love meant more than lust when we were us  bridge memories are nothing more than ghosts that we let in don't be afraid of them, do you remember when  chorus writing every page together those days were not to last forever diamonds in the rough when we were us burn the house and torch the skyline there was more than fire in our eyes love meant more than lust when we were us whoa oh oh oh when we were us oh oh oh ohembed"
Bon Jovi,Misunderstood,00s,2002,"5 contributorsmisunderstood lyricsintro should i? could i? have said the wrong things right a thousand times if i could just rewind, i see it in my mind if i could turn back time, you'd still be mine  verse 1 you cried, i died i should have shut my mouth, things headed south as the words slipped off my tongue, they sounded dumb if this old heart could talk, it'd say you're the one i'm wasting time when i think about it  chorus i should have drove all night, i would have run all the lights i was misunderstood i stumbled like my words, did the best i could damn, misunderstood  verse 2 could i? should i? apologize for sleeping on the couch that night staying out too late with all my friends you found me passed out in the yard again you cried, i tried to stretch the truth, but didn't lie it's not so bad when you think about it you might also likechorus i should have drove all night, i would have run all the lights i was misunderstood i stumbled like my words, did the best i could damn, misunderstood intentions good  guitar solo  bridge it's you and i, just think about it  chorus i should have drove all night i would have run all the lights i was misunderstood i stumbled like my words, did the best i could i 'm hanging outside your door i've been here before misunderstood  outro i stumbled like my words, did the best i could damn, misunderstood intentions goodembed"
Bon Jovi,Blood in the Water,10s,2020,"8 contributorsblood in the water lyricsverse 1 a storm is comin' let me be clear your days are numbered the end is near the walls around ya are closin' in it's too late for prayin' sinner, meet sin  verse 2 once, i came across your border now they come to take me back i sleep with one eye open i don't make waves, i don't leave tracks for my daughter and my three sons it's the only life they've known to me, it's my asylum these stars and stripes, my home  chorus blood in the water who's jumpin' in? the devil's made his final offer now the sharks are circlin' blood in the water our fates are sealed the devil's greatest trick was just to say he wasn't real satan always used to love to say he wasn't real you might also likeverse 3 lies are in the forecast the truth left with the tide i hear your shadow sold your secrets and he's gonna do some time they say the noose fits like a necktie sir, you're gonna fit right in with some old familiar faces sinner, meet sin  chorus blood in the water who's jumpin' in? the devil's made his final offer now the sharks are circlin' blood in the water our fates are sealed the devil's greatest trick was just to say he wasn't real satan always used to love to say he wasn't real  verse 4 i'm no cable news reporter they got nothin' new to say i'm the voice of the new order the star of anarchy today i'm the comments you keep readin' at the bottom of the page i'm real power, i'm a patriot i'm a russian hack by trade a russian hack by trade chorus blood in the water who's jumpin' in the devil's made his final offer now the sharks are circlin' blood in the water our fates are sealed the devil's greatest trick was just to say he wasn't real  outro blood in the water blood in the water now there's blood in the water blood in the water1embed"
Bon Jovi,Do What You Can (Single Edit),10s,2020,"5 contributorsdo what you can (single edit) lyricsverse 1 tonight they're shutting down the borders and they boarded up the schools small towns are rollin' up their sidewalks one less paycheck comin' through i know you're feelin' kinda nervous we're all a little bit confused nothing's the same, this ain't a game we gotta make it through  chorus when you can't do what you do you do what you can this ain't my prayer, it's just a thought i'm wanting to send 'round here, we bend but don't break down here, we all understand when you can't do what you do you do what you can  verse 2 the chicken farm from arkansas brought workers ppe not before five hundred more had succumbed to this disease honest men and honest women workin' for an honest wage i got a hundred point one fever, and we still got bills to pay  chorus when you can't do what you do you do what you can this ain't my prayer, it's just a thought i'm wanting to send 'round here, we bend but don't break down here, we all understand when you can't do what you do you do what you can you might also likebridge they built a hospital on east meadow in central park last night doctors, nurses, truckers, grocery store clerks manning the front lines i saw a red cross on the hudson they turned off the broadway lights another ambulance screams by there by the grace of god go i  verse 3 although i'll keep my social distance what this world needs is a hug until we find the vaccination there's no substitute for love so love yourself and love your family love your neighbor and your friend ain't it time we loved a stranger? they're just a friend you ain't met yet  chorus when you can't do what you do you do what you can this ain't my prayer, it's just a thought i'm wanting to send 'round here, we bend but don't break down here, we all understand when you can't do what you do you do what you can when you can't do what you do you do what you canembed"
Bon Jovi,Dry County,90s,1992,"8 contributorsdry county lyricsintro across the border they turn water into wine some say it's the devil's blood they're squeezing from the vine some say it's a savior in these hard and desperate times you see it helps me to forget that we're just born to die  verse 1 i came here like so many did to find a better life to find my piece of easy street and finally be alive i knew nothing good comes easy all good things take some time i made my bed, i'll lie in it to die in it's the crime  you can't help but prosper where the streets are paved with gold they say the oil wells ran deeper here than anybody's known now i packed up on my wife and kid and left them both back home see, there's nothing in this pay dirt the ghosts are all i know you might also likepre-chorus now the oil's gone and the money's gone all the jobs are gone still we're hanging on  chorus down in dry county they're swimming in the sand praying for some holy water to wash these sins from off our hands in dry county the promise has run dry where nobody cries and no one is getting out of here alive (not this time)  verse 2 ""in the blessed name of jesus"" i heard a preacher say ""we are all god's children and he'd be back, back someday"" i hoped that he knew something as he drank that cup of wine i didn't have too good of a feeling as i head out to the night i cursed the sky to open i begged the clouds for rain i prayed all night for water for this burning in my veins (every night's the same) it was like my soul's on fire and i had to watch the flames all my dreams went up in ashes and my future blew away  pre-chorus now the oil's gone and the money's gone all the jobs are gone still we're hanging on  chorus down in dry county they're swimming in the sand praying for some holy water to wash theese sins from off our hands in dry county the promise has run dry where nobody cries and no one's getting out of here alive  guitar solo verse 3 a man spends his whole life waiting praying for some big reward but it seems sometimes that payoff leaves you feeling like a dirty whore if i could choose the way i'd die make it by the gun or knife because the other way there's too much pain night after night after night after night  chorus oh, down in dry county they're swimming in the sand praying for some holy water to wash these sins from off our hands in dry county the promise has run dry where nobody cries and no one's getting out of here dry county no one is getting out of here dry county no3embed"
Bon Jovi,Social Disease,80s,1986,"8 contributorssocial disease lyricsverse 1 you can read it in the papers in some places, it comes in thirty-two flavors but you wouldn't tell no one your favorite if you could from the white house to the alleys from the president down to long tall sally can't live with it, but you'd die without it yes, you would  pre-chorus señorita's in the kitchen, she's a fistful of dynamite you call 911, but you can't stop the fun tonight, it's alright  chorus you can't start a fire without a spark but there's somethin' that i guarantee you can't hide when infection starts because love is a social disease love is a social disease  verse 2 where you look, you can find it try to run, but you're always behind it so you play hide-and-seek like a blind kid 'til you're caught, yeah, you're caught so you'll say, hey, that you had some but they took it and held it for ransom were they tall, dark, skinny, or handsome? you won't talk, nah you might also likepre-chorus so you telephone your doctor just to see what pill to take you know there's no prescription gonna wipe this one away, oh  chorus you can't start a fire without a spark but there's somethin' that i guarantee you can't hide when infection starts because love is a social disease love is a social disease love is a social disease let the boys show you, baby  guitar solo  verse 3 she's so full of high-grade octane she could run the bullet train on 38 double-d's now you know for sure, she knows the cure to make any blind man see  chorus you can't start a fire without a spark but there's somethin' that i guarantee, yeah you can't hide when infection starts because love is a social disease love is a social disease chorus you can't start a fire without a spark but there's somethin' that i guarantee you can't hide when infection starts because love is a social disease love is a social disease, baby love is a social disease  outro you're right nothing a shot can't cureembed"
Bon Jovi,Because We Can,10s,2013,"7 contributorstranslationsportuguêsbecause we can lyricschorus i don't wanna be another wave in the ocean i am a rock not just another grain of sand (that's right) i wanna be the one you run to when you need a shoulder i ain't a soldier but i'm here to take a stand because we can  verse 1 she's in the kitchen staring out the window so tired of living life in black and white right now she's missing those technicolor kisses when he turns down the lights  lately, he's feeling like a broken promise in the mirror staring down his doubt there's only one thing in this world that he knows he said forever and he'll never let her down  chorus i don't wanna be another wave in the ocean i am a rock not just another grain of sand (that's right) i wanna be the one you run to when you need a shoulder i ain't a soldier but i'm here to take a stand because we can  verse 2 tv and takeout on the coffee table paper dishes, pour a glass of wine turn down the sound and move a little closer and for the moment everything is alright you might also likechorus i don't wanna be another wave in the ocean i am a rock not just another grain of sand (that's right) i wanna be the one you run to when you need a shoulder i ain't a soldier but i'm here to take a stand because we can  post-chorus because we can, our love can move a mountain we can, if you believe in we we can, just wrap your arms around me we can, we can  instrumental bridge  chorus i don't wanna be another wave in the ocean (i don't wanna be) i am a rock not just another grain of sand (that's right oh yeah) i wanna be the one you run to when you need a shoulder i ain't a soldier but i'm here to take a stand (i am a, i am a, i am a) because we can  i don't wanna be another wave in the ocean i am a rock not just another grain of sand (that's right) i wanna be the one you run to when you need a shoulder i ain't a soldier but i'm here to take a stand because we can pre-chorus (because we can) our love can move a mountain we can, if you believe in we (our love can move a mountain) we can, just wrap your arms around me (because we can) we can, we can because we can2embed"
Bon Jovi,Story Of My Life,00s,2005,"3 contributorsstory of my life lyricsverse 1 yesterdays a memory another page in history you sell yourself on hopes and dreams that leaves you feeling sideways tripping over my own feet trying to walk to my own beat another car out on the street trying to find the highway yeah, are you going my way?  chorus this is the story of my life and i write it everyday i know it isn't black and white and it's anything but grey i know that no i'm not alright, but i feel ok cos anything can, everything can happen that's the story of my life  verse 2 i gonna write the melody that's gonna make history and when i paint my masterpiece i swear i'll show you first there just ain't a way to see who and why or what will be till now is then it's a mystery, it's a blessing and a curse or something worse you might also likechorus this is the story of my life and i write it everyday i know it isn't black and white and it's anything but grey i know that no i'm not alright, but i feel ok cos anything can, everything can happen that's the story of my life  bridge this is the story of my life and i write it everyday and i hope you're by my side when i'm writing the last page  chorus this is the story of my life and i write it everyday i know it isn't black and white and it's anything but grey i know that no i'm not alright, but i feel ok cos anything can, everything can happen that's the story of my life  this is the story of my life and i write it everyday i know it isn't black and white and it's anything but grey i know that no i'm not alright, but i feel ok cos anything can, everything can happen that's the story of my life1embed"
Bon Jovi,Beautiful Drug,10s,2020,"8 contributorsbeautiful drug lyricsverse 1 tear off your mask, no need to hide there's a prescription that no doctor can prescribe can’t walk on water, down on your knees you enter numbers, step right up, the stuff is guaranteed  pre-chorus ain't got the fever, fever got me no need to call an ambulance, you got the remedy  chorus love is a beautiful drug love is a beautiful a mystery that sets you free, it's what you want, it’s all we need love is a beautiful drug a beautiful drug  verse 2 the poets verse can not describe this kind of wonder that mystifies love is the drink to healing thirst hear my confession, i don't even need a church  chorus love is a beautiful drug i'm talking 'bout, love is a beautiful a mystery that sets you free, it's what you want, it's all we need love is a beautiful drug a beautiful drug you might also likebridge it pulls you in just like a tide the deeper deep, a higher high the taste, the touch, the stuff of dreams the paradise that's in between sweet honey of another hit you'd almost bite through your own lip the thorny rose that makes you bleed a kind of hurt that makes you scream  chorus love is a beautiful drug i’m talking ’bout, love is a beautiful a mystery that sets you free, it's what you want, it’s all we need love is a beautiful drug a beautiful drug  outro a beautiful drug a beautiful drug2embed"
Bon Jovi,Lower the Flag,10s,2020,"9 contributorslower the flag lyricsverse 1 word just came from upstate, joe lower the flag again this time, it's dayton, southwest ohio last night, el paso, texas counted 22 dead  verse 2 soon, the brass will offer up their thoughts and prayers soon, there'll be protests in the street and the media from out of town will chew it up and spit it out and move on to the next one before we even grieve yeah, they'll move on to the next one before we even grieve  chorus some say we start to die on the day that we're born but no one wants to live life on their knees maybe we start to die on the day that we're born but we deserve to live life in-between  verse 3 a husband kissed the cross that bears his margie's name and promises he'll see her once again won't see her children grow, won't see their love grow old last night, their dream became a nightmare and their nightmare has no end last night, their dream became a nightmare and their nightmare has no end you might also likechorus some say we start to die on the day that we're born but no one wants to live life on their knees maybe we start to die on the day that we're born but we deserve to live life in-between  verse 4 these days, it's hard to sleep when i lay my head down what if it was your loved one layin' on the ground? i'm left to think about, ""what if, what now?"" dear god, i wanna pray, but tonight, i have my doubts when i think about those families now  bridge if there's somethin' we can talk about, let's talk about it if there's somethin' we can figure out, let's figure it out if there's somethin' we can talk about, let's talk about it if there's somethin' we can figure out, let's figure it out  el paso, texas dayton, ohio las vegas, nevada sebring, florida orlando, florida penn state university aurora, illinois virginia beach, virginia gilroy, california pittsburgh, pennsylvania marjory stoneman douglas high columbine columbine sandy hook elementary chorus some say we start to die on the day that we're born but no one wants to live life on their knees maybe we start to die on the day that we're born you believe what you want to believe but we deserve to live life in-between  outro word just came from upstate, joe lower the flag again1embed"
Bon Jovi,Raise Your Hands,80s,1986,"7 contributorsraise your hands lyricsintro oh ooh yeah  verse 1 you you got a nasty reputation we're in a sticky situation it's down to me and you so tell me, is it true? they say there ain't nobody better well, now that we're together show me what you can do  pre-chorus you're under the gun out on the run gonna set the night on fire out on the run under the gun playin' to win  chorus raise your hands when you wanna let it go raise your hands and you wanna let a feeling show raise your hands from new york to chicago raise your hands from new jersey to tokyo woah, raise your hands you might also likeverse 2 i i've been out on the front line where you'll go down if you waste time they'll walk all over you but i i ain't here lookin' for surrender i'll raise the flag if you'll defend her it's up to you  pre-chorus you're under the gun out on the run gonna set the night on fire out on the run under the gun playin' to win  chorus you got to raise your hands when you wanna let it go raise your hands when you wanna let a feeling show raise your hands from new york to chicago raise your hands from new jersey to tokyo woah, raise your hands woah, raise your hands bridge alright, let's go raise your hands raise your hands  chorus raise your hands when you wanna let it go raise your hands and you wanna let a feeling show raise your hands from new york to chicago raise your hands from new jersey to tokyo woah, raise your hands  outro raise your hands new york raise your hands detroit raise your hands vancouver raise your hands hey, london raise your hands sayreville, new jersey raise your hands phoenix raise your hands1embed"
Bon Jovi,Blood on Blood,80s,1988,"7 contributorstranslationsportuguêsblood on blood lyricsverse 1 i can still remember when i was just a kid when friends were friends forever and what you said was what you did well, it was me and danny and bobby we cut each other's hands and held tight to a promise only brothers understand  pre-chorus but were so young (so young) one for all and all for one (for one) just as sure as the river's gonna run  chorus blood on blood one on one we'd still be standing when all was said and done blood on blood one on one and i'll be here for you until kingdom come blood on blood you might also likeverse 2 well, bobby was our hero because he had a fake id i got busted stealing cigarettes and he took the rap for me danny knew this white trash girl we each threw in a ten she took us to this cheap motel and turned us into men  pre-chorus we were so young (so young) one for all and all for one (for one) just as sure as the river's gonna run  chorus blood on blood one on one we'd still be standing when all was said and done blood on blood one on one and i'll be here for you until kingdom come blood on blood blood on blood one on one we'd still be standing when all was said and done blood on blood one on one and i'll be here for you until kingdom come blood on blood  bridge now bobby, he's an uptown lawyer danny, he's a medicine man and me, i'm just the singer in a long haired rock and roll band through the years and miles between us it's been a long and lonely ride but if i got that call in the dead of the night i would be right by your side  chorus blood on blood blood on blood blood on blood one on one we'd still be standing when all is said and done blood on blood one on one and i'll be here for you until kingdom come blood on blood blood on bloodembed"
Bon Jovi,It’s My Life (Live),10s,2023,"3 contributorsit’s my life (live) lyricsthis ain't a song for the broken-hearted no silent prayer for the faith departed and i ain't gonna be just a face in the crowd you're gonna hear my voice when i shout it out loud  it's my life it's now or never i ain't gonna live forever i just wanna live while i'm alive  (it's my life) my heart is like an open highway like frankie said, i did it my way i just wanna live while i'm alive it's my life  this is for the ones who stood their ground for tommy and gina who never backed down tomorrow's getting harder, make no mistake luck ain't even lucky, gotta make your own breaks  it's my life it's now or never i ain't gonna live forever i just wanna live while i'm alive you might also like(it's my life) my heart is like an open highway like frankie said, i did it my way i just wanna live while i'm alive 'cause it's my life  you better stand tall when they're calling you out don't bend, don't break baby, don't back down  it's my life it's now or never 'cause i ain't gonna live forever i just wanna live while i'm alive  (it's my life) my heart is like an open highway like frankie said, i did it my way i just wanna live while i'm alive it's my life (it's my life)  and it's now or never i ain't gonna live forever i just wanna live while i'm alive (it's my life) my heart is like an open highway like frankie said, i did it my way i just wanna live while i'm alive 'cause it's my lifeembed"
Bon Jovi,Let It Rock,80s,1986,"9 contributorslet it rock lyricsintro woah-oh-oh woah-oh-oh woah-oh-oh woah-oh-oh  verse 1 the weekend comes to this town seven days too soon for the ones who have to make up what we break up of their rules  pre-chorus well, i saw captain kidd on sunset tell his boys they're in command while chino danced a tango with a broomstick in his hand he said, ""it's alright (alright) if you have a good time it's alright (alright) if you wanna cross that line break on through to the other side""  chorus (let it rock) let it rock (let it go) let it go you can't stop a fire burnin' out of control, let it rock (let it rock) let it go (let it go) with the night we're on the loose you gotta let it rock you might also likepost-chorus woah-oh-oh woah-oh-oh  verse 2 we go down to the broadway where everybody goes to get up on their rockin' horse blast that radio  pre-chorus yeah, i saw roxie on the table her girlfriend down below they'll give it up to the king of swing before it's time to go ""it's alright (alright) if you have a good time it's alright (alright) if you wanna cross that line break on through to the other side""  chorus (let it rock) let it rock (let it go) let it go you can't stop a fire burnin' out of control, yeah, let it rock (let it rock) let it go (let it go) you can't stop a fire burnin' out of control, let it rock (let it rock) let it go (let it go) with the night we're on the loose we're gonna let it rock, yeah guitar solo let it rock  chorus (let it rock) let it rock (let it go) let it go you can't stop a fire burnin' out of control, let it rock (let it rock) let it go (let it go) with the night, well, we're on the loose, said everybody, sing  outro woah-oh-oh (yeah) woah-oh-oh woah-oh-oh (hey) woah-oh-oh woah-oh-oh (alright) woah-oh-oh (ooh, yeah) woah-oh-oh (ooh, yeah) woah-oh-oh1embed"
Bon Jovi,Labor of Love,10s,2018,"8 contributorstranslationsespañollabor of love lyricsverse 1 smoke stack blowing, there's a fire in the sky fahrenheit rising up, higher than high pressure's building up, sparks are gonna fly i know where this is going when i look into your eyes i know where this is going when i look into your eyes  sweet sweat's rolling down the middle of your spine bodies move together, perfect rhythm and time baby say my name, i'll write yours in the sky higher than a rocket on the fourth of july higher than a rocket on the fourth of july  pre-chorus it's good, it's good, it's good to be alive  chorus it's a full time job, the work's never done twenty-four seven, it's a labor of love you're everything i got, it's all about us baby this ain't working, it's a labor of love baby this ain't working, it's a labor of love  verse 2 only fools count treasure in silver and gold i don't want for nothing that these hands can't hold if you need something done, put it on the list and if i need some sugar, i'll get it from your lips if i need some sugar, i'll get it from your lips you might also likepre-chorus it's good, it's good, it's good to be alive  chorus it's a full time job, the work's never done twenty-four seven, it's a labor of love you're everything i got, it's all about us baby this ain't working, it's a labor of love baby this ain't working, it's a labor of love  bridge the taste of your lips, every night, every day i know every curve, but it's never the same if love is a fire, i'd go down in those flames i wanna die in your arms, hearing you say my name i wanna die in your arms, hearing you say my name i wanna die in your arms, hearing you say my name  chorus it's a full time job, the work's never done twenty-four seven, it's a labor of love you're everything i got, it's all about us baby this ain't working, it's a labor of love  chorus it's a full time job, the work's never done twenty-four seven, it's a labor of love give everything i got, i can't get enough baby this ain't working, it's a labor of love baby this ain't working, it's a labor of loveembed"
